{
    "rf": 1.0914385080645155,
    "csr/reg_pmp_7_addr": 1.0070666666666668,
    "csr/reg_pmp_5_addr": 1.0070666666666668,
    "csr/reg_pmp_0_addr": 1.007066666666667,
    "csr/reg_pmp_4_cfg_l": 1.023,
    "u_r": 0.7387419354838713,
    "ex_reg_rs_msb_0": 1.3110999999999997,
    "csr/large_": 1.038275862068965,
    "csr/reg_pmp_2_addr": 1.0070666666666666,
    "csr/reg_pmp_4_addr": 1.007066666666667,
    "ibuf/buf__data": 1.3056249999999998,
    "csr/reg_pmp_3_addr": 1.0070666666666668,
    "mem_reg_load": 0.118,
    "mem_reg_inst": 0.10636000000000002,
    "mem_reg_rs2": 0.6518124999999999,
    "csr/large_1": 1.0431724137931033,
    "ex_reg_mem_size": 1.2865,
    "div/remainder": 1.0019090909090913,
    "mem_reg_wdata": 1.2512187500000005,
    "csr/reg_mepc": 1.0427419354838707,
    "ex_reg_cause": 1.2782,
    "ex_reg_rs_lsb_1": 1.3065,
    "csr/reg_mtvec": 1.034709677419355,
    "ex_reg_rs_msb_1": 1.305466666666667,
    "csr/reg_mscratch": 0.9996250000000002,
    "div/resHi": 0.504,
    "csr/reg_wfi": 0.507,
    "wb_reg_inst": 0.09764705882352939,
    "csr/small_": 1.0054999999999998,
    "csr/reg_dpc": 1.1142580645161293,
    "wb_reg_pc": 0.10434375000000001,
    "csr/reg_mtval": 1.046875,
    "csr/reg_pmp_1_cfg_x": 1.004,
    "csr/reg_pmp_7_cfg_r": 1.007,
    "mem_reg_pc": 0.109,
    "ex_reg_inst": 1.3087199999999997,
    "csr/reg_pmp_1_addr": 1.007066666666667,
    "wb_reg_wdata": 0.9059999999999996,
    "csr/reg_dcsr_cause": 0.8373333333333334,
    "csr/reg_mcause": 0.998,
    "csr/reg_singleStepped": 0.536,
    "ex_reg_pc": 1.3089375,
    "ex_ctrl_mem": 1.283,
    "csr/reg_bp_0_address": 1.0008437500000003,
    "csr/reg_pmp_2_cfg_w": 0.971,
    "wb_reg_cause": 0.7452,
    "csr/reg_pmp_6_addr": 1.007066666666667,
    "csr/reg_custom_0": 1.055,
    "wb_reg_valid": 1.003,
    "csr/reg_pmp_6_cfg_a": 1.14,
    "mem_reg_store": 0.118,
    "csr/reg_mstatus_mie": 1.052,
    "div/divisor": 0.664969696969697,
    "wb_ctrl_fence_i": 0.087,
    "ex_ctrl_mem_cmd": 1.2890000000000001,
    "csr/io_status_cease_r": 0.548,
    "ex_reg_load_use": 1.258,
    "csr/reg_mie": 1.0436666666666665,
    "csr/reg_dscratch0": 0.9996250000000001,
    "ibuf/buf__pc": 1.3057096774193548,
    "ex_reg_rs_lsb_0": 1.315,
    "csr/reg_debug": 0.656,
    "csr/reg_pmp_1_cfg_a": 1.1059999999999999,
    "div/state": 1.0200000000000002,
    "mem_reg_cause": 0.0984,
    "csr/reg_pmp_2_cfg_l": 1.064,
    "ex_ctrl_sel_imm": 1.2750000000000001,
    "wb_ctrl_csr": 0.08700000000000001,
    "ex_ctrl_sel_alu1": 1.2995,
    "csr/reg_pmp_7_cfg_x": 1.004,
    "imem_might_request_reg": 0.254,
    "csr/reg_pmp_0_cfg_w": 1.047,
    "ex_ctrl_alu_fn": 1.278,
    "ex_ctrl_sel_alu2": 1.296,
    "csr/reg_mcountinhibit": 1.0415,
    "csr/reg_pmp_7_cfg_l": 0.955,
    "csr/reg_pmp_5_cfg_x": 1.004,
    "wb_ctrl_wxd": 0.102,
    "csr/reg_pmp_6_cfg_x": 1.004,
    "csr/small_1": 1.0055,
    "mem_br_taken": 1.294,
    "ex_ctrl_fence_i": 1.264,
    "csr/reg_bp_0_control_tmatch": 0.9984999999999999,
    "csr/reg_pmp_4_cfg_a": 1.021,
    "mem_ctrl_wxd": 0.102,
    "csr/reg_mstatus_mpie": 1.012,
    "wb_ctrl_div": 0.087,
    "div/req_tag": 0.149,
    "mem_ctrl_csr": 0.08833333333333333,
    "ex_reg_rvc": 1.283,
    "csr/reg_dcsr_ebreakm": 1.024,
    "ex_ctrl_jal": 1.264,
    "div/count": 0.285,
    "csr/reg_pmp_2_cfg_a": 1.076,
    "csr/reg_pmp_2_cfg_r": 1.007,
    "csr/reg_pmp_6_cfg_w": 0.971,
    "csr/reg_pmp_3_cfg_a": 1.026,
    "mem_reg_replay": 0.743,
    "csr/reg_pmp_5_cfg_a": 1.1059999999999999,
    "csr/reg_pmp_5_cfg_r": 0.996,
    "csr/reg_pmp_7_cfg_a": 1.0855,
    "ex_reg_valid": 1.189,
    "csr/reg_pmp_0_cfg_x": 1.041,
    "csr/reg_pmp_1_cfg_l": 1.024,
    "csr/reg_pmp_5_cfg_l": 1.024,
    "mem_reg_xcpt": 0.817,
    "ex_reg_xcpt": 1.293,
    "ex_ctrl_branch": 1.286,
    "id_reg_pause": 1.293,
    "wb_reg_xcpt": 0.978,
    "csr/reg_pmp_1_cfg_w": 0.969,
    "csr/reg_pmp_2_cfg_x": 1.004,
    "mem_ctrl_fence_i": 0.229,
    "mem_ctrl_div": 0.102,
    "csr/reg_bp_0_control_r": 0.996,
    "csr/reg_bp_0_control_w": 1.035,
    "csr/reg_misa": 1.1026666666666667,
    "mem_reg_flush_pipe": 0.229,
    "ex_ctrl_div": 1.27,
    "csr/reg_pmp_3_cfg_w": 0.971,
    "mem_reg_xcpt_interrupt": 0.743,
    "ibuf/buf__xcpt_ae_inst": 1.307,
    "ex_ctrl_csr": 1.2746666666666666,
    "csr/reg_pmp_3_cfg_r": 1.007,
    "csr/reg_pmp_0_cfg_a": 1.021,
    "ex_reg_flush_pipe": 1.276,
    "csr/reg_bp_0_control_action": 0.728,
    "mem_reg_rvc": 0.104,
    "mem_ctrl_branch": 0.091,
    "wb_ctrl_mem": 0.104,
    "csr/reg_pmp_5_cfg_w": 0.969,
    "div/neg_out": 1.039,
    "csr/reg_pmp_4_cfg_w": 1.047,
    "csr/reg_pmp_0_cfg_r": 1.042,
    "csr/reg_pmp_3_cfg_l": 0.916,
    "ibuf/nBufValid": 1.237,
    "csr/reg_dcsr_step": 1.003,
    "ex_reg_rs_bypass_1": 1.287,
    "mem_reg_valid": 0.802,
    "csr/reg_pmp_6_cfg_r": 1.007,
    "csr/reg_pmp_4_cfg_r": 1.042,
    "ex_reg_rs_bypass_0": 1.286,
    "csr/reg_pmp_4_cfg_x": 1.041,
    "wb_reg_flush_pipe": 1.045,
    "csr/reg_pmp_6_cfg_l": 1.066,
    "blocked": 0.285,
    "ex_ctrl_wxd": 1.286,
    "ex_reg_xcpt_interrupt": 0.8,
    "csr/reg_pmp_0_cfg_l": 1.023,
    "mem_reg_slow_bypass": 0.309,
    "wb_reg_replay": 0.759,
    "div_io_kill_REG": 0.273,
    "div/isHi": 0.176,
    "ibuf/buf__replay": 1.305,
    "csr/reg_pmp_3_cfg_x": 1.004,
    "csr/reg_pmp_1_cfg_r": 0.996,
    "mem_ctrl_jalr": 0.108,
    "mem_ctrl_jal": 0.124,
    "csr/reg_bp_0_control_x": 1.003,
    "csr/reg_bp_0_control_dmode": 0.69,
    "ex_reg_replay": 0.8,
    "ex_ctrl_jalr": 1.258,
    "mem_ctrl_mem": 0.12,
    "csr/reg_pmp_7_cfg_w": 0.971,
    "id_reg_fence": 1.302,
    "ex_ctrl_rxs2": 1.286
}