{
    "rf": 1.4077429435483897,
    "csr/reg_pmp_7_addr": 1.4112333333333331,
    "csr/reg_pmp_5_addr": 1.4030666666666671,
    "csr/reg_pmp_0_addr": 1.3755000000000004,
    "csr/reg_pmp_4_cfg_l": 1.486,
    "u_r": 0.6881290322580645,
    "ex_reg_rs_msb_0": 2.8139333333333334,
    "csr/large_": 1.431482758620689,
    "csr/reg_pmp_2_addr": 1.3612333333333333,
    "csr/reg_pmp_4_addr": 1.4155666666666669,
    "ibuf/buf__data": 2.8055000000000003,
    "csr/reg_pmp_3_addr": 1.3976,
    "mem_reg_load": 0.176,
    "mem_reg_inst": 0.11632000000000002,
    "mem_reg_rs2": 0.7153124999999999,
    "csr/large_1": 1.4047758620689654,
    "ex_reg_mem_size": 2.7439999999999998,
    "div/remainder": 1.1445454545454548,
    "mem_reg_wdata": 1.43328125,
    "csr/reg_mepc": 1.3685161290322583,
    "ex_reg_cause": 2.8940000000000006,
    "ex_reg_rs_lsb_1": 2.8125,
    "csr/reg_mtvec": 1.3738387096774192,
    "ex_reg_rs_msb_1": 2.833800000000001,
    "csr/reg_mscratch": 1.3340625000000002,
    "div/resHi": 0.599,
    "csr/reg_wfi": 0.671,
    "wb_reg_inst": 0.11876470588235295,
    "csr/small_": 1.3185,
    "csr/reg_dpc": 1.3664193548387098,
    "wb_reg_pc": 0.111125,
    "csr/reg_mtval": 1.3576249999999999,
    "csr/reg_pmp_1_cfg_x": 1.412,
    "csr/reg_pmp_7_cfg_r": 1.514,
    "mem_reg_pc": 0.10971874999999999,
    "ex_reg_inst": 2.7924399999999996,
    "csr/reg_pmp_1_addr": 1.3773000000000002,
    "wb_reg_wdata": 0.95203125,
    "csr/reg_dcsr_cause": 0.891,
    "csr/reg_mcause": 1.2426,
    "csr/reg_singleStepped": 0.67,
    "ex_reg_pc": 2.7805625,
    "ex_ctrl_mem": 2.571,
    "csr/reg_bp_0_address": 1.32896875,
    "csr/reg_pmp_2_cfg_w": 1.495,
    "wb_reg_cause": 0.7574,
    "csr/reg_pmp_6_addr": 1.4088333333333336,
    "csr/reg_custom_0": 1.283,
    "wb_reg_valid": 0.996,
    "csr/reg_pmp_6_cfg_a": 1.519,
    "mem_reg_store": 0.176,
    "csr/reg_mstatus_mie": 1.273,
    "div/divisor": 0.741909090909091,
    "wb_ctrl_fence_i": 0.087,
    "ex_ctrl_mem_cmd": 2.9425,
    "csr/io_status_cease_r": 0.543,
    "ex_reg_load_use": 2.638,
    "csr/reg_mie": 1.307,
    "csr/reg_dscratch0": 1.333875,
    "ibuf/buf__pc": 2.829645161290324,
    "ex_reg_rs_lsb_0": 2.799,
    "csr/reg_debug": 0.757,
    "csr/reg_pmp_1_cfg_a": 1.349,
    "div/state": 0.891,
    "mem_reg_cause": 0.0974,
    "csr/reg_pmp_2_cfg_l": 1.445,
    "ex_ctrl_sel_imm": 2.7853333333333334,
    "wb_ctrl_csr": 0.08700000000000001,
    "ex_ctrl_sel_alu1": 2.817,
    "csr/reg_pmp_7_cfg_x": 1.452,
    "imem_might_request_reg": 0.313,
    "csr/reg_pmp_0_cfg_w": 1.439,
    "ex_ctrl_alu_fn": 2.769,
    "ex_ctrl_sel_alu2": 2.7009999999999996,
    "csr/reg_mcountinhibit": 1.2605,
    "csr/reg_pmp_7_cfg_l": 1.159,
    "csr/reg_pmp_5_cfg_x": 1.449,
    "wb_ctrl_wxd": 0.104,
    "csr/reg_pmp_6_cfg_x": 1.413,
    "csr/small_1": 1.2466666666666668,
    "mem_br_taken": 1.566,
    "ex_ctrl_fence_i": 2.834,
    "csr/reg_bp_0_control_tmatch": 1.3465,
    "csr/reg_pmp_4_cfg_a": 1.304,
    "mem_ctrl_wxd": 0.104,
    "csr/reg_mstatus_mpie": 1.526,
    "wb_ctrl_div": 0.087,
    "div/req_tag": 0.18039999999999998,
    "mem_ctrl_csr": 0.08833333333333333,
    "ex_reg_rvc": 2.666,
    "csr/reg_dcsr_ebreakm": 1.433,
    "ex_ctrl_jal": 2.659,
    "div/count": 0.36116666666666664,
    "csr/reg_pmp_2_cfg_a": 1.472,
    "csr/reg_pmp_2_cfg_r": 1.415,
    "csr/reg_pmp_6_cfg_w": 1.495,
    "csr/reg_pmp_3_cfg_a": 1.3795000000000002,
    "mem_reg_replay": 0.67,
    "csr/reg_pmp_5_cfg_a": 1.3965,
    "csr/reg_pmp_5_cfg_r": 1.415,
    "csr/reg_pmp_7_cfg_a": 1.4205,
    "ex_reg_valid": 2.757,
    "csr/reg_pmp_0_cfg_x": 1.234,
    "csr/reg_pmp_1_cfg_l": 1.461,
    "csr/reg_pmp_5_cfg_l": 1.49,
    "mem_reg_xcpt": 0.727,
    "ex_reg_xcpt": 2.878,
    "ex_ctrl_branch": 2.767,
    "id_reg_pause": 2.942,
    "wb_reg_xcpt": 0.992,
    "csr/reg_pmp_1_cfg_w": 1.315,
    "csr/reg_pmp_2_cfg_x": 1.355,
    "mem_ctrl_fence_i": 0.272,
    "mem_ctrl_div": 0.145,
    "csr/reg_bp_0_control_r": 1.298,
    "csr/reg_bp_0_control_w": 1.333,
    "csr/reg_misa": 1.31,
    "mem_reg_flush_pipe": 0.272,
    "ex_ctrl_div": 2.767,
    "csr/reg_pmp_3_cfg_w": 1.451,
    "mem_reg_xcpt_interrupt": 0.67,
    "ibuf/buf__xcpt_ae_inst": 2.834,
    "ex_ctrl_csr": 2.787333333333333,
    "csr/reg_pmp_3_cfg_r": 1.458,
    "csr/reg_pmp_0_cfg_a": 1.313,
    "ex_reg_flush_pipe": 2.881,
    "csr/reg_bp_0_control_action": 0.753,
    "mem_reg_rvc": 0.109,
    "mem_ctrl_branch": 0.091,
    "wb_ctrl_mem": 0.104,
    "csr/reg_pmp_5_cfg_w": 1.289,
    "div/neg_out": 0.93,
    "csr/reg_pmp_4_cfg_w": 1.439,
    "csr/reg_pmp_0_cfg_r": 1.395,
    "csr/reg_pmp_3_cfg_l": 1.159,
    "ibuf/nBufValid": 2.542,
    "csr/reg_dcsr_step": 1.217,
    "ex_reg_rs_bypass_1": 2.673,
    "mem_reg_valid": 0.712,
    "csr/reg_pmp_6_cfg_r": 1.415,
    "csr/reg_pmp_4_cfg_r": 1.395,
    "ex_reg_rs_bypass_0": 2.638,
    "csr/reg_pmp_4_cfg_x": 1.235,
    "wb_reg_flush_pipe": 0.996,
    "csr/reg_pmp_6_cfg_l": 1.56,
    "blocked": 0.33,
    "ex_ctrl_wxd": 2.767,
    "ex_reg_xcpt_interrupt": 1.125,
    "csr/reg_pmp_0_cfg_l": 1.486,
    "mem_reg_slow_bypass": 0.291,
    "wb_reg_replay": 0.736,
    "div_io_kill_REG": 0.334,
    "div/isHi": 0.15,
    "ibuf/buf__replay": 2.77,
    "csr/reg_pmp_3_cfg_x": 1.402,
    "csr/reg_pmp_1_cfg_r": 1.351,
    "mem_ctrl_jalr": 0.113,
    "mem_ctrl_jal": 0.103,
    "csr/reg_bp_0_control_x": 1.156,
    "csr/reg_bp_0_control_dmode": 0.746,
    "ex_reg_replay": 1.093,
    "ex_ctrl_jalr": 2.798,
    "mem_ctrl_mem": 0.135,
    "csr/reg_pmp_7_cfg_w": 1.509,
    "id_reg_fence": 2.559,
    "ex_ctrl_rxs2": 2.768
}